Topic,Country,name,Score
ai,us,Carnegie Mellon University,39.5
ai,us,University of Maryland - College Park,23.2
ai,us,University of Virginia,23.0
ai,us,Arizona State University,20.9
ai,us,Pennsylvania State University,20.2
ai,us,University of Southern California,19.1
ai,us,Univ. of Illinois at Urbana-Champaign,17.8
ai,us,Georgia Institute of Technology,16.7
ai,us,Massachusetts Institute of Technology,16.7
ai,us,Rutgers University,15.2
ai,us,Univ. of California - Los Angeles,14.4
ai,us,Univ. of California - San Diego,14.1
ai,us,University of Illinois at Chicago,14.1
ai,us,University of Michigan,14.1
ai,us,Northeastern University,13.8
ai,us,Northwestern University,13.6
ai,us,Rochester Institute of Technology,13.0
ai,us,Washington University in St. Louis,12.7
ai,us,University of Notre Dame,12.5
ai,us,Rice University,12.4
ai,us,University of Central Florida,12.3
ai,us,Harvard University,12.2
ai,us,North Carolina State University,11.9
ai,us,University of Texas at Dallas,11.9
ai,us,Univ. of California - Berkeley,11.4
ai,us,University of Texas at Austin,11.4
ai,us,Cornell University,11.3
ai,us,Univ. of California - Irvine,11.1
ai,us,University of Massachusetts Amherst,11.0
ai,us,Michigan State University,10.7
ai,ca,University of Toronto,22.8
ai,ca,University of Alberta,19.9
ai,ca,University of Waterloo,9.8
ai,ca,Simon Fraser University,7.6
ai,ca,University of British Columbia,6.5
ai,ca,Université du Québec à Montréal,6.2
ai,ca,University of Montreal,5.9
ai,ca,University of Ottawa,5.0
ai,ca,Université Laval,4.5
ai,ca,Carleton University,3.8
ai,ca,McGill University,3.0
ai,ca,York University,2.5
ai,ca,University of Manitoba,2.2
ai,ca,University of Regina,2.2
ai,ca,Concordia University,2.0
ai,ca,Queen’s University,2.0
ai,ca,University of Victoria,1.9
ai,ca,ETS Montreal,1.8
ai,ca,McMaster University,1.8
ai,ca,Western University,1.8
ai,ca,Polytechnique Montreal,1.7
ai,ca,University of Guelph,1.4
ai,ca,Toronto Metropolitan University,1.3
ai,ca,Dalhousie University,1.2
ai,ca,University of Calgary,1.2
ai,uk,University of Edinburgh,17.8
ai,uk,Imperial College London,16.8
ai,uk,University of Oxford,15.4
ai,uk,King's College London,12.9
ai,uk,University of Liverpool,11.3
ai,uk,University of Southampton,11.1
ai,uk,Cardiff University,9.7
ai,uk,Royal Holloway University of London,9.7
ai,uk,University of Surrey,8.1
ai,uk,University College London,7.5
ai,uk,University of Aberdeen,7.4
ai,uk,University of Birmingham,7.1
ai,uk,Queen Mary University of London,6.6
ai,uk,University of Warwick,6.6
ai,uk,University of Manchester,6.5
ai,uk,University of Essex,6.0
ai,uk,University of York,5.7
ai,uk,University of Cambridge,5.1
ai,uk,University of Leeds,4.1
ai,uk,Lancaster University,3.7
ai,au,UNSW,18.3
ai,au,University of Melbourne,18.1
ai,au,Australian National University,16.7
ai,au,University of Technology Sydney,15.0
ai,au,University of Sydney,13.8
ai,au,Macquarie University,13.6
ai,au,University of Adelaide,12.6
ai,au,Griffith University,9.6
ai,au,RMIT University,8.7
ai,au,Monash University,5.9
ai,au,University of Queensland,4.0
ai,au,University of Wollongong,2.4
ai,au,University of Western Australia,1.8
ai,au,Queensland University of Technology,1.7
ai,au,Western Sydney University,1.7
ai,de,TU Berlin,10.3
ai,de,RWTH Aachen University,10.2
ai,de,LMU Munich,9.0
ai,de,Max Planck Society,8.1
ai,de,Saarland University,8.0
ai,de,TU Dortmund,7.8
ai,de,Hasso Plattner Institute,7.7
ai,de,CISPA Helmholtz Center,7.3
ai,de,TU Munich,6.8
ai,de,Friedrich Schiller University Jena,6.1
ai,de,University of Hannover,5.3
ai,de,TU Clausthal,5.2
ai,de,TU Dresden,5.2
ai,de,University of Freiburg,4.6
ai,de,Ruhr-University Bochum,4.5
ai,de,University of Düsseldorf,4.3
ai,de,University of Koblenz-Landau,3.9
ai,de,University of Leipzig,3.9
ai,de,TU Darmstadt,3.8
ai,de,University of Stuttgart,3.7
vision,us,Carnegie Mellon University,57.1
vision,us,Univ. of California - San Diego,52.4
vision,us,University of Maryland - College Park,41.9
vision,us,Univ. of California - Berkeley,41.6
vision,us,University of Central Florida,39.6
vision,us,Stanford University,39.4
vision,us,Univ. of Illinois at Urbana-Champaign,37.4
vision,us,Johns Hopkins University,33.4
vision,us,Massachusetts Institute of Technology,33.1
vision,us,University of Michigan,27.0
vision,us,University of Texas at Austin,26.6
vision,us,Boston University,24.4
vision,us,Georgia Institute of Technology,22.8
vision,us,Cornell University,22.7
vision,us,University of Wisconsin - Madison,22.7
vision,us,Northeastern University,22.4
vision,us,Stony Brook University,22.4
vision,us,Michigan State University,22.3
vision,us,Princeton University,20.3
vision,us,University of Pennsylvania,20.0
vision,us,University of North Carolina,19.3
vision,us,Univ. of California - Merced,17.9
vision,us,University of Rochester,17.7
vision,us,New York University,17.4
vision,us,Columbia University,17.1
vision,us,University of Washington,17.0
vision,us,University of Massachusetts Amherst,16.9
vision,us,University at Buffalo,15.1
vision,us,Univ. of California - Los Angeles,13.4
vision,us,Univ. of California - Riverside,13.1
vision,ca,Simon Fraser University,25.7
vision,ca,University of British Columbia,14.4
vision,ca,York University,14.2
vision,ca,University of Toronto,13.9
vision,ca,ETS Montreal,8.3
vision,ca,University of Waterloo,6.6
vision,ca,Université Laval,6.2
vision,ca,Concordia University,6.1
vision,ca,University of Guelph,4.1
vision,ca,University of Manitoba,3.3
vision,ca,University of Montreal,2.6
vision,ca,University of Alberta,2.1
vision,ca,Carleton University,1.9
vision,ca,McGill University,1.8
vision,ca,University of Ottawa,1.7
vision,ca,Toronto Metropolitan University,1.5
vision,ca,Polytechnique Montreal,1.4
vision,ca,Dalhousie University,1.2
vision,ca,University of Victoria,1.2
vision,ca,University of New Brunswick,1.1
vision,ca,Université de Sherbrooke,1.0
vision,uk,University of Surrey,42.0
vision,uk,University of Edinburgh,23.0
vision,uk,Imperial College London,22.6
vision,uk,University College London,15.3
vision,uk,Lancaster University,13.9
vision,uk,University of Birmingham,13.3
vision,uk,Cardiff University,11.2
vision,uk,Queen Mary University of London,10.3
vision,uk,University of Bath,7.7
vision,uk,University of Bristol,7.6
vision,uk,University of Sheffield,6.9
vision,uk,University of York,5.9
vision,uk,University of Oxford,5.7
vision,uk,Durham University,5.3
vision,uk,University of Liverpool,5.1
vision,uk,University of Leeds,4.4
vision,uk,University of Exeter,4.1
vision,uk,King's College London,3.9
vision,uk,University of Warwick,3.6
vision,uk,Queen's University Belfast,3.2
vision,uk,University of Cambridge,2.9
vision,uk,Aberystwyth University,1.8
vision,uk,University of Nottingham,1.8
vision,uk,Loughborough University,1.5
vision,uk,University of Southampton,1.5
vision,uk,University of Sussex,1.5
vision,uk,Brunel University London,1.4
vision,uk,University of Manchester,1.3
vision,uk,University of Aberdeen,1.2
vision,uk,Birkbeck University of London,1.1
vision,uk,City University of London,1.1
vision,uk,University of Kent,1.1
vision,au,University of Adelaide,38.1
vision,au,Australian National University,37.1
vision,au,University of Sydney,18.8
vision,au,Monash University,11.0
vision,au,University of Technology Sydney,7.0
vision,au,University of Melbourne,6.2
vision,au,University of Western Australia,6.2
vision,au,University of Wollongong,4.8
vision,au,UNSW,4.2
vision,au,Griffith University,4.1
vision,au,Macquarie University,3.9
vision,au,University of Queensland,2.8
vision,au,Queensland University of Technology,2.5
vision,au,RMIT University,2.0
vision,de,TU Munich,53.9
vision,de,Max Planck Society,44.5
vision,de,University of Tübingen,27.3
vision,de,TU Darmstadt,16.9
vision,de,University of Würzburg,11.2
vision,de,LMU Munich,9.2
vision,de,University of Bonn,6.8
vision,de,CISPA Helmholtz Center,5.7
vision,de,Heidelberg University,5.4
vision,de,Karlsruhe Institute of Technology,5.3
vision,de,TU Berlin,5.2
vision,de,Goethe University Frankfurt,4.6
vision,de,University of Freiburg,4.2
vision,de,RWTH Aachen University,4.0
vision,de,University of Hannover,3.7
vision,de,TU Kaiserslautern,3.6
vision,de,Saarland University,2.8
vision,de,University of Stuttgart,2.7
vision,de,University of Ulm,2.4
vision,de,University of Göttingen,2.3
vision,de,TU Dresden,2.0
vision,de,University of Konstanz,2.0
vision,de,Hasso Plattner Institute,1.8
vision,de,University of Siegen,1.7
vision,de,University of Lübeck,1.6
vision,de,University of Magdeburg,1.6
vision,de,University of Mainz,1.6
vision,de,Friedrich Schiller University Jena,1.3
vision,de,Ruhr-University Bochum,1.3
vision,de,TU Ilmenau,1.3
vision,de,University of Hamburg,1.3
vision,de,University of Wuppertal,1.3
mlmining,us,Carnegie Mellon University,177.6
mlmining,us,Massachusetts Institute of Technology,157.8
mlmining,us,Univ. of California - Berkeley,156.9
mlmining,us,Stanford University,140.9
mlmining,us,Univ. of California - San Diego,105.1
mlmining,us,New York University,92.8
mlmining,us,Princeton University,90.1
mlmining,us,University of Maryland - College Park,85.5
mlmining,us,Univ. of Illinois at Urbana-Champaign,80.8
mlmining,us,University of Texas at Austin,76.1
mlmining,us,Univ. of California - Los Angeles,75.5
mlmining,us,Cornell University,75.3
mlmining,us,Georgia Institute of Technology,74.3
mlmining,us,University of Pennsylvania,71.6
mlmining,us,University of Washington,68.5
mlmining,us,University of Wisconsin - Madison,68.1
mlmining,us,University of Southern California,50.0
mlmining,us,University of Massachusetts Amherst,45.2
mlmining,us,University of North Carolina,43.2
mlmining,us,University of Michigan,43.0
mlmining,us,Johns Hopkins University,39.1
mlmining,us,Ohio State University,38.3
mlmining,us,Columbia University,38.1
mlmining,us,Texas A&M University,37.8
mlmining,us,Northeastern University,37.5
mlmining,us,University of Chicago,35.4
mlmining,us,Boston University,35.3
mlmining,us,Purdue University,34.5
mlmining,us,Harvard University,32.0
mlmining,us,Northwestern University,31.9
mlmining,ca,University of Toronto,63.1
mlmining,ca,University of Montreal,53.8
mlmining,ca,University of Alberta,41.2
mlmining,ca,University of Waterloo,29.8
mlmining,ca,University of British Columbia,28.5
mlmining,ca,Simon Fraser University,18.8
mlmining,ca,McGill University,10.0
mlmining,ca,Polytechnique Montreal,5.7
mlmining,ca,ETS Montreal,5.6
mlmining,ca,Concordia University,4.8
mlmining,ca,York University,4.3
mlmining,ca,University of Ottawa,4.2
mlmining,ca,Université Laval,3.8
mlmining,ca,McMaster University,3.6
mlmining,ca,Carleton University,3.5
mlmining,ca,University of Guelph,3.1
mlmining,ca,Dalhousie University,2.8
mlmining,ca,University of Manitoba,2.2
mlmining,ca,University of Calgary,1.7
mlmining,ca,University of Victoria,1.6
mlmining,ca,Université du Québec à Montréal,1.5
mlmining,ca,University of Regina,1.3
mlmining,ca,Queen’s University,1.2
mlmining,ca,University of Saskatchewan,1.1
mlmining,uk,University of Cambridge,58.7
mlmining,uk,University of Edinburgh,43.6
mlmining,uk,University of Oxford,29.2
mlmining,uk,University College London,25.5
mlmining,uk,Imperial College London,24.8
mlmining,uk,University of Warwick,11.8
mlmining,uk,University of Bristol,9.7
mlmining,uk,University of Surrey,8.8
mlmining,uk,University of Birmingham,8.4
mlmining,uk,University of Liverpool,7.8
mlmining,uk,King's College London,6.6
mlmining,uk,University of Southampton,5.5
mlmining,uk,Queen Mary University of London,4.7
mlmining,uk,University of Sheffield,4.6
mlmining,uk,Cardiff University,3.5
mlmining,uk,Lancaster University,3.1
mlmining,uk,University of York,2.9
mlmining,uk,University of Bath,2.7
mlmining,uk,University of Leeds,2.5
mlmining,uk,University of Exeter,2.1
mlmining,uk,Durham University,2.0
mlmining,uk,University of Manchester,2.0
mlmining,uk,University of Aberdeen,1.8
mlmining,uk,City University of London,1.7
mlmining,uk,Royal Holloway University of London,1.7
mlmining,uk,University of Essex,1.5
mlmining,uk,University of Glasgow,1.5
mlmining,uk,University of Kent,1.5
mlmining,uk,University of Strathclyde,1.5
mlmining,uk,Birkbeck University of London,1.4
mlmining,uk,Queen's University Belfast,1.4
mlmining,au,University of Sydney,30.9
mlmining,au,Australian National University,19.4
mlmining,au,University of Melbourne,17.0
mlmining,au,University of Adelaide,16.5
mlmining,au,University of Technology Sydney,11.1
mlmining,au,Monash University,6.1
mlmining,au,Macquarie University,5.5
mlmining,au,UNSW,5.4
mlmining,au,Griffith University,5.1
mlmining,au,RMIT University,3.4
mlmining,au,University of Queensland,2.0
mlmining,au,University of Western Australia,2.0
mlmining,au,University of Wollongong,1.9
mlmining,au,Queensland University of Technology,1.8
mlmining,de,University of Tübingen,46.5
mlmining,de,Max Planck Society,44.5
mlmining,de,TU Munich,40.3
mlmining,de,CISPA Helmholtz Center,29.7
mlmining,de,LMU Munich,17.2
mlmining,de,TU Darmstadt,15.7
mlmining,de,TU Berlin,12.4
mlmining,de,University of Freiburg,11.0
mlmining,de,RWTH Aachen University,8.0
mlmining,de,Heidelberg University,7.2
mlmining,de,University of Stuttgart,6.7
mlmining,de,University of Würzburg,6.7
mlmining,de,Saarland University,6.0
mlmining,de,Karlsruhe Institute of Technology,5.7
mlmining,de,Freie Universitaet Berlin,5.4
mlmining,de,University of Cologne,5.3
mlmining,de,Hasso Plattner Institute,5.1
mlmining,de,TU Dresden,4.8
mlmining,de,University of Konstanz,4.5
mlmining,de,TU Kaiserslautern,4.0
mlmining,de,Goethe University Frankfurt,3.9
mlmining,de,Ruhr-University Bochum,3.8
mlmining,de,University of Hannover,3.4
mlmining,de,TU Dortmund,3.0
mlmining,de,University of Mainz,2.7
mlmining,de,University of Hamburg,2.5
mlmining,de,University of Siegen,2.5
mlmining,de,University of Göttingen,2.4
mlmining,de,University of Bonn,2.2
mlmining,de,Bielefeld University,1.9
nlp,us,Carnegie Mellon University,66.1
nlp,us,University of Washington,57.2
nlp,us,Univ. of Illinois at Urbana-Champaign,39.4
nlp,us,Stanford University,38.5
nlp,us,Univ. of California - Los Angeles,37.6
nlp,us,University of Maryland - College Park,30.6
nlp,us,University of Southern California,30.3
nlp,us,Univ. of California - San Diego,30.1
nlp,us,University of North Carolina,29.6
nlp,us,Johns Hopkins University,28.8
nlp,us,University of Michigan,26.4
nlp,us,New York University,25.8
nlp,us,Univ. of California - Berkeley,25.3
nlp,us,Cornell University,22.9
nlp,us,University of Pennsylvania,22.6
nlp,us,Georgia Institute of Technology,21.4
nlp,us,University of Illinois at Chicago,20.4
nlp,us,Massachusetts Institute of Technology,19.2
nlp,us,University of Massachusetts Amherst,18.9
nlp,us,University of Texas at Austin,18.1
nlp,ca,University of Waterloo,15.7
nlp,ca,University of Toronto,12.9
nlp,ca,McGill University,12.0
nlp,ca,University of British Columbia,8.0
nlp,ca,University of Alberta,7.9
nlp,ca,University of Montreal,7.1
nlp,ca,Queen’s University,5.4
nlp,ca,Simon Fraser University,4.0
nlp,ca,Brock University,2.7
nlp,ca,Dalhousie University,2.7
nlp,ca,University of Ottawa,2.6
nlp,ca,Polytechnique Montreal,2.2
nlp,ca,Université de Sherbrooke,2.2
nlp,ca,Western University,2.2
nlp,ca,York University,1.5
nlp,ca,Concordia University,1.2
nlp,ca,University of Manitoba,1.2
nlp,ca,ETS Montreal,1.1
nlp,uk,University of Edinburgh,48.8
nlp,uk,University of Cambridge,19.6
nlp,uk,University of Sheffield,17.6
nlp,uk,University of Manchester,13.6
nlp,uk,Cardiff University,12.8
nlp,uk,King's College London,10.8
nlp,uk,Heriot-Watt University,9.3
nlp,uk,Imperial College London,7.5
nlp,uk,University of Warwick,6.5
nlp,uk,University of Liverpool,4.2
nlp,uk,University of Aberdeen,4.1
nlp,uk,University of Oxford,3.5
nlp,uk,University of Glasgow,3.4
nlp,uk,Queen Mary University of London,3.3
nlp,uk,University College London,3.0
nlp,uk,Open University UK,2.5
nlp,uk,Lancaster University,2.3
nlp,uk,University of Dundee,2.0
nlp,uk,University of Sussex,1.8
nlp,uk,University of Nottingham,1.7
nlp,uk,University of Exeter,1.6
nlp,uk,University of Leeds,1.6
nlp,uk,Royal Holloway University of London,1.5
nlp,uk,University of Surrey,1.5
nlp,uk,University of Birmingham,1.3
nlp,uk,University of Essex,1.3
nlp,uk,Brunel University London,1.2
nlp,uk,Durham University,1.2
nlp,uk,University of Kent,1.2
nlp,uk,University of Strathclyde,1.1
nlp,au,University of Melbourne,12.1
nlp,au,Monash University,11.9
nlp,au,Macquarie University,6.0
nlp,au,Australian National University,5.2
nlp,au,University of Sydney,5.1
nlp,au,RMIT University,3.8
nlp,au,University of Technology Sydney,3.6
nlp,au,University of Adelaide,2.9
nlp,au,Griffith University,1.8
nlp,au,University of Queensland,1.6
nlp,au,University of Wollongong,1.5
nlp,au,UNSW,1.2
nlp,de,LMU Munich,25.5
nlp,de,TU Darmstadt,20.9
nlp,de,Saarland University,14.6
nlp,de,University of Würzburg,9.3
nlp,de,University of Stuttgart,6.6
nlp,de,University of Hamburg,5.5
nlp,de,Hasso Plattner Institute,4.8
nlp,de,University of Göttingen,4.5
nlp,de,Max Planck Society,4.2
nlp,de,Friedrich Schiller University Jena,4.0
nlp,de,University of Bonn,3.9
nlp,de,University of Tübingen,3.8
nlp,de,TU Munich,3.7
nlp,de,University of Leipzig,3.7
nlp,de,University of Potsdam,3.6
nlp,de,University of Mannheim,3.5
nlp,de,Heidelberg University,3.4
nlp,de,Humboldt University of Berlin,3.1
nlp,de,RWTH Aachen University,3.1
nlp,de,TU Dresden,2.8
inforet,us,Univ. of Illinois at Urbana-Champaign,20.9
inforet,us,University of Massachusetts Amherst,12.4
inforet,us,Carnegie Mellon University,11.3
inforet,us,Pennsylvania State University,9.7
inforet,us,University of Michigan,8.7
inforet,us,Cornell University,8.4
inforet,us,University of Illinois at Chicago,8.2
inforet,us,Georgia Institute of Technology,7.8
inforet,us,Emory University,6.8
inforet,us,Rutgers University,6.6
inforet,us,Texas A&M University,6.6
inforet,us,Stony Brook University,5.7
inforet,us,Univ. of California - Los Angeles,5.3
inforet,us,Virginia Tech,5.0
inforet,us,Rochester Institute of Technology,4.9
inforet,us,University of Virginia,4.7
inforet,us,George Mason University,4.6
inforet,us,Univ. of California - San Diego,4.5
inforet,us,University of Notre Dame,4.5
inforet,us,University of Maryland - College Park,4.3
inforet,ca,University of Waterloo,8.0
inforet,ca,University of Toronto,3.1
inforet,ca,University of Ottawa,2.4
inforet,ca,University of Alberta,2.3
inforet,ca,Concordia University,2.2
inforet,ca,University of Montreal,2.2
inforet,ca,McGill University,1.7
inforet,ca,University of British Columbia,1.5
inforet,ca,Simon Fraser University,1.4
inforet,ca,University of Regina,1.3
inforet,ca,Queen’s University,1.2
inforet,ca,University of Guelph,1.2
inforet,ca,University of New Brunswick,1.1
inforet,uk,University of Glasgow,10.1
inforet,uk,University College London,4.3
inforet,uk,University of Manchester,3.9
inforet,uk,King's College London,3.8
inforet,uk,University of Edinburgh,3.6
inforet,uk,University of Surrey,2.5
inforet,uk,University of Strathclyde,2.3
inforet,uk,University of Warwick,2.1
inforet,uk,Cardiff University,1.9
inforet,uk,Open University UK,1.8
inforet,uk,University of Southampton,1.8
inforet,uk,University of Cambridge,1.7
inforet,uk,University of Oxford,1.7
inforet,uk,University of Sheffield,1.7
inforet,uk,Queen Mary University of London,1.6
inforet,uk,University of Liverpool,1.6
inforet,uk,Brunel University London,1.5
inforet,uk,Durham University,1.5
inforet,uk,Middlesex University,1.3
inforet,uk,University of Essex,1.3
inforet,au,University of Queensland,12.0
inforet,au,RMIT University,8.4
inforet,au,Macquarie University,7.1
inforet,au,University of Technology Sydney,5.8
inforet,au,Griffith University,5.1
inforet,au,UNSW,4.2
inforet,au,University of Melbourne,3.1
inforet,au,Australian National University,2.8
inforet,au,Monash University,2.4
inforet,au,University of Sydney,2.4
inforet,au,University of Adelaide,1.1
inforet,au,University of Western Australia,1.1
inforet,de,Max Planck Society,6.3
inforet,de,LMU Munich,3.1
inforet,de,University of Tübingen,2.7
inforet,de,Bauhaus University Weimar,2.6
inforet,de,Ruhr-University Bochum,2.4
inforet,de,University of Hannover,2.4
inforet,de,University of Leipzig,2.4
inforet,de,Hasso Plattner Institute,2.3
inforet,de,TU Munich,2.2
inforet,de,Friedrich Schiller University Jena,2.1
inforet,de,TU Dresden,2.0
inforet,de,CISPA Helmholtz Center,1.8
inforet,de,University of Mannheim,1.8
inforet,de,University of Stuttgart,1.8
inforet,de,University of Würzburg,1.8
inforet,de,University of Hamburg,1.7
inforet,de,Heidelberg University,1.6
inforet,de,Paderborn University,1.6
inforet,de,TU Darmstadt,1.6
inforet,de,University of Bonn,1.6
bed,us,University of North Carolina,8.5
bed,us,Washington University in St. Louis,7.9
bed,us,Univ. of California - Riverside,6.5
bed,us,Boston University,4.6
bed,us,University of Pennsylvania,4.6
bed,us,Wayne State University,4.1
bed,us,North Carolina State University,3.9
bed,us,Univ. of Illinois at Urbana-Champaign,3.8
bed,us,University of Notre Dame,3.8
bed,us,University of Connecticut,3.6
bed,us,George Washington University,2.9
bed,us,Carnegie Mellon University,2.5
bed,us,University of Michigan,2.5
bed,us,University of Kansas,2.2
bed,us,Vanderbilt University,2.2
bed,us,Texas State University,2.1
bed,us,University of Nevada Las Vegas,2.0
bed,us,Worcester Polytechnic Institute,2.0
bed,us,University of Iowa,1.9
bed,us,University of New Mexico,1.9
bed,us,Purdue University,1.8
bed,us,Northwestern University,1.6
bed,us,Univ. of California - Santa Cruz,1.6
bed,us,University of Central Florida,1.6
bed,us,Kansas State University,1.5
bed,us,Rice University,1.5
bed,us,Rochester Institute of Technology,1.5
bed,us,Syracuse University,1.5
bed,us,University of Chicago,1.5
bed,us,University of Colorado Boulder,1.5
bed,us,University of Delaware,1.5
bed,us,University of Florida,1.5
bed,us,University of Virginia,1.5
bed,us,University of Washington,1.5
bed,ca,University of British Columbia,2.0
bed,uk,University of York,8.6
bed,uk,Queen's University Belfast,1.5
bed,uk,Imperial College London,1.3
bed,uk,University of Edinburgh,1.3
bed,uk,Loughborough University,1.2
bed,au,University of Sydney,1.3
bed,de,Max Planck Society,5.4
bed,de,TU Dortmund,5.1
bed,de,Saarland University,3.0
bed,de,TU Kaiserslautern,1.6
bed,de,University of Hannover,1.6
bed,de,Paderborn University,1.5
bed,de,University of Augsburg,1.4
bed,de,Ruhr-University Bochum,1.3
bed,de,TU Braunschweig,1.3
bed,de,TU Dresden,1.3
bed,de,University of Bamberg,1.3
bed,de,University of Erlangen–Nuremberg,1.3
bed,de,University of Stuttgart,1.3
bed,de,TU Darmstadt,1.2
bed,de,University of Oldenburg,1.2
bed,de,Karlsruhe Institute of Technology,1.1
comm,us,Princeton University,13.1
comm,us,Carnegie Mellon University,12.0
comm,us,Massachusetts Institute of Technology,10.7
comm,us,Univ. of Illinois at Urbana-Champaign,8.1
comm,us,Univ. of California - Los Angeles,7.8
comm,us,Univ. of California - Berkeley,7.1
comm,us,University of Southern California,7.1
comm,us,Cornell University,6.7
comm,us,University of Michigan,6.6
comm,us,University of Washington,6.5
comm,us,University of Texas at Austin,6.3
comm,us,Univ. of California - San Diego,5.8
comm,us,University of Pennsylvania,4.6
comm,us,Harvard University,4.3
comm,us,Stanford University,4.3
comm,us,Duke University,4.1
comm,us,University of Maryland - College Park,4.0
comm,us,University of Wisconsin - Madison,4.0
comm,us,University of Chicago,3.4
comm,us,Rice University,3.2
comm,ca,University of Waterloo,4.5
comm,ca,Simon Fraser University,2.1
comm,ca,University of Toronto,1.8
comm,uk,University College London,2.8
comm,uk,University of Edinburgh,1.5
comm,uk,University of St Andrews,1.4
comm,uk,Imperial College London,1.3
comm,uk,Queen Mary University of London,1.3
comm,uk,Lancaster University,1.1
comm,de,TU Darmstadt,2.7
comm,de,Max Planck Society,2.1
comm,de,TU Berlin,2.1
comm,de,Goethe University Frankfurt,1.7
comm,de,Hamburg University of Technology,1.5
comm,de,University of Kassel,1.4
comm,de,University of Göttingen,1.1
comm,de,University of Hannover,1.1
ops,us,Carnegie Mellon University,7.1
ops,us,Massachusetts Institute of Technology,7.1
ops,us,Univ. of California - Berkeley,7.0
ops,us,Columbia University,5.7
ops,us,University of Michigan,4.9
ops,us,Univ. of Illinois at Urbana-Champaign,4.1
ops,us,University of Wisconsin - Madison,4.1
ops,us,Cornell University,4.0
ops,us,University of Pennsylvania,3.9
ops,us,New York University,3.8
ops,us,University of Washington,3.7
ops,us,Princeton University,3.4
ops,us,Stanford University,3.1
ops,us,University of Texas at Austin,3.0
ops,us,Georgia Institute of Technology,2.9
ops,us,Univ. of California - San Diego,2.9
ops,us,Stony Brook University,2.6
ops,us,Purdue University,2.5
ops,us,Univ. of California - Los Angeles,2.4
ops,us,Univ. of California - Santa Barbara,2.2
ops,us,University of Southern California,2.2
ops,us,Yale University,2.2
ops,us,Univ. of California - Santa Cruz,2.0
ops,us,Brown University,1.9
ops,us,University of Chicago,1.9
ops,us,University of Virginia,1.9
ops,us,Rutgers University,1.8
ops,us,University of Maryland - College Park,1.7
ops,us,University at Buffalo,1.6
ops,us,University of Utah,1.6
ops,ca,University of Toronto,3.7
ops,ca,University of British Columbia,2.0
ops,ca,University of Waterloo,1.7
ops,ca,Simon Fraser University,1.1
ops,uk,Imperial College London,2.7
ops,uk,University of Edinburgh,1.7
ops,uk,University College London,1.1
ops,de,Max Planck Society,1.7
ops,de,TU Dresden,1.3
ops,de,TU Braunschweig,1.1
ops,de,University of Hannover,1.1
ops,de,University of Osnabrück,1.1
mod,us,Massachusetts Institute of Technology,19.1
mod,us,University of Chicago,14.6
mod,us,Cornell University,14.1
mod,us,Duke University,12.9
mod,us,Univ. of California - Berkeley,12.9
mod,us,Carnegie Mellon University,10.2
mod,us,Univ. of California - San Diego,10.2
mod,us,Univ. of California - Irvine,10.1
mod,us,University of Southern California,10.0
mod,us,University of Pennsylvania,9.8
mod,us,Univ. of California - Santa Barbara,8.6
mod,us,University of Illinois at Chicago,8.3
mod,us,University of Michigan,8.3
mod,us,University of Wisconsin - Madison,8.2
mod,us,New York University,8.0
mod,us,Georgia Institute of Technology,7.9
mod,us,University of Washington,7.3
mod,us,Northeastern University,7.2
mod,us,Purdue University,6.5
mod,us,Harvard University,5.9
mod,us,Ohio State University,5.7
mod,us,Univ. of Illinois at Urbana-Champaign,5.7
mod,us,Univ. of California - Riverside,5.5
mod,us,Columbia University,5.1
mod,us,Rutgers University,4.9
mod,us,University of Maryland - College Park,4.9
mod,us,University of Massachusetts Amherst,4.9
mod,us,University at Buffalo,4.7
mod,us,University of Texas at Arlington,4.5
mod,us,University of Utah,4.5
mod,ca,University of Waterloo,19.1
mod,ca,University of Toronto,7.6
mod,ca,Simon Fraser University,7.3
mod,ca,University of British Columbia,4.8
mod,ca,University of Victoria,2.7
mod,ca,Carleton University,2.2
mod,ca,Western University,1.9
mod,ca,Concordia University,1.5
mod,ca,University of Alberta,1.5
mod,ca,McMaster University,1.3
mod,ca,University of Guelph,1.3
mod,ca,Université du Québec à Montréal,1.3
mod,ca,University of Ottawa,1.2
mod,ca,York University,1.2
mod,uk,University of Edinburgh,12.2
mod,uk,University of Warwick,5.6
mod,uk,University of Oxford,3.9
mod,uk,Imperial College London,3.5
mod,uk,University of Southampton,2.2
mod,uk,University College London,2.0
mod,uk,University of Nottingham,2.0
mod,uk,King's College London,1.9
mod,uk,Birkbeck University of London,1.5
mod,uk,Brunel University London,1.3
mod,uk,Loughborough University,1.3
mod,uk,University of Glasgow,1.2
mod,uk,University of Manchester,1.2
mod,uk,Queen Mary University of London,1.1
mod,au,UNSW,9.3
mod,au,University of Technology Sydney,8.4
mod,au,University of Sydney,7.3
mod,au,RMIT University,5.8
mod,au,Australian National University,2.5
mod,au,University of Melbourne,2.3
mod,au,Griffith University,1.9
mod,au,University of Queensland,1.8
mod,au,Monash University,1.2
mod,de,TU Munich,25.5
mod,de,TU Berlin,13.5
mod,de,Hasso Plattner Institute,8.6
mod,de,TU Darmstadt,6.9
mod,de,Humboldt University of Berlin,4.1
mod,de,University of Mannheim,4.0
mod,de,University of Bayreuth,3.2
mod,de,University of Stuttgart,2.7
mod,de,Saarland University,2.3
mod,de,TU Dortmund,2.2
mod,de,TU Dresden,2.2
mod,de,University of Tübingen,2.1
mod,de,Max Planck Society,2.0
mod,de,University of Mainz,1.9
mod,de,Ruhr-University Bochum,1.8
mod,de,TU Braunschweig,1.7
mod,de,TU Ilmenau,1.7
mod,de,University of Konstanz,1.7
mod,de,RWTH Aachen University,1.6
mod,de,University of Hamburg,1.6
mod,de,Karlsruhe Institute of Technology,1.5
mod,de,LMU Munich,1.5
mod,de,TU Kaiserslautern,1.5
mod,de,University of Oldenburg,1.4
mod,de,TU Clausthal,1.3
mod,de,University of Marburg,1.3
mod,de,Friedrich Schiller University Jena,1.2
mod,de,University of Münster,1.2
mod,de,University of Lübeck,1.1
soft,us,Carnegie Mellon University,14.7
soft,us,Univ. of Illinois at Urbana-Champaign,10.0
soft,us,University of Texas at Dallas,9.4
soft,us,Univ. of California - Irvine,8.7
soft,us,North Carolina State University,8.1
soft,us,University of Massachusetts Amherst,8.1
soft,us,University of Virginia,7.8
soft,us,Purdue University,7.6
soft,us,University of Southern California,7.6
soft,us,Tulane University,7.2
soft,us,College of William and Mary,6.7
soft,us,Virginia Tech,6.5
soft,us,George Mason University,6.4
soft,us,NJIT,5.7
soft,us,Univ. of California - Los Angeles,5.7
soft,us,Iowa State University,5.6
soft,us,Northern Arizona University,5.1
soft,us,Oregon State University,4.8
soft,us,Univ. of California - Riverside,4.8
soft,us,University of Central Florida,4.6
soft,us,University of Nebraska,4.4
soft,us,Case Western Reserve University,4.2
soft,us,Univ. of California - Davis,4.1
soft,us,University of Michigan,3.8
soft,us,Georgia Institute of Technology,3.7
soft,us,Vanderbilt University,3.7
soft,us,Columbia University,3.6
soft,us,Northeastern University,3.6
soft,us,University of Washington,3.2
soft,us,Washington State University,3.2
soft,ca,Concordia University,11.5
soft,ca,University of Waterloo,7.3
soft,ca,University of British Columbia,7.2
soft,ca,York University,4.0
soft,ca,University of Toronto,3.9
soft,ca,Dalhousie University,3.1
soft,ca,Queen’s University,3.1
soft,ca,University of Manitoba,2.2
soft,ca,University of Victoria,2.2
soft,ca,Simon Fraser University,2.1
soft,ca,McGill University,2.0
soft,ca,University of Montreal,1.7
soft,ca,Polytechnique Montreal,1.6
soft,ca,McMaster University,1.4
soft,ca,University of Alberta,1.3
soft,ca,University of Calgary,1.3
soft,ca,University of Saskatchewan,1.3
soft,uk,University College London,5.4
soft,uk,Loughborough University,3.2
soft,uk,King's College London,3.1
soft,uk,University of Birmingham,3.1
soft,uk,Royal Holloway University of London,3.0
soft,uk,Imperial College London,2.6
soft,uk,University of Edinburgh,2.2
soft,uk,University of Bristol,2.1
soft,uk,University of York,1.9
soft,uk,Birkbeck University of London,1.7
soft,uk,University of Glasgow,1.7
soft,uk,University of Sheffield,1.7
soft,uk,Open University UK,1.6
soft,uk,University of Exeter,1.5
soft,uk,University of Leeds,1.3
soft,uk,Lancaster University,1.2
soft,uk,Brunel University London,1.1
soft,au,Monash University,5.3
soft,au,UNSW,4.9
soft,au,University of Adelaide,2.5
soft,au,University of Queensland,2.0
soft,au,University of Sydney,2.0
soft,au,University of Melbourne,1.8
soft,au,Macquarie University,1.4
soft,au,RMIT University,1.3
soft,au,University of Technology Sydney,1.3
soft,au,University of Wollongong,1.3
soft,au,Australian National University,1.1
soft,de,University of Stuttgart,8.0
soft,de,TU Munich,5.9
soft,de,CISPA Helmholtz Center,4.4
soft,de,Max Planck Society,4.2
soft,de,Saarland University,4.0
soft,de,Ruhr-University Bochum,3.4
soft,de,University of Leipzig,2.9
soft,de,University of Passau,2.8
soft,de,LMU Munich,2.5
soft,de,Humboldt University of Berlin,2.4
soft,de,Paderborn University,2.3
soft,de,University of Hamburg,2.2
soft,de,TU Chemnitz,2.0
soft,de,TU Darmstadt,1.9
soft,de,TU Dortmund,1.8
soft,de,University of Bonn,1.8
soft,de,University of Bayreuth,1.6
soft,de,Freie Universitaet Berlin,1.5
soft,de,TU Berlin,1.5
soft,de,TU Dresden,1.3
soft,de,TU Kaiserslautern,1.3
soft,de,University of Oldenburg,1.3
soft,de,University of Potsdam,1.3
soft,de,University of Würzburg,1.3
soft,de,Karlsruhe Institute of Technology,1.2
soft,de,University of Koblenz-Landau,1.2
soft,de,University of Magdeburg,1.2
crypt,us,Carnegie Mellon University,15.4
crypt,us,University of Washington,14.9
crypt,us,Univ. of Illinois at Urbana-Champaign,12.4
crypt,us,University of Texas at Austin,10.1
crypt,us,Univ. of California - San Diego,9.9
crypt,us,Northeastern University,9.6
crypt,us,Georgia Institute of Technology,9.1
crypt,us,Cornell University,8.8
crypt,us,New York University,8.8
crypt,us,Univ. of California - Los Angeles,8.2
crypt,us,University of Maryland - College Park,7.9
crypt,us,Massachusetts Institute of Technology,6.3
crypt,us,Johns Hopkins University,6.0
crypt,us,Univ. of California - Berkeley,4.8
crypt,us,Yale University,4.5
crypt,us,University of Michigan,4.4
crypt,us,Purdue University,4.0
crypt,us,Univ. of California - Santa Barbara,3.9
crypt,us,Georgetown University,3.8
crypt,us,Stanford University,3.6
crypt,us,University of Virginia,3.6
crypt,us,University of Connecticut,3.4
crypt,us,Oregon State University,3.0
crypt,us,University of Wisconsin - Madison,2.9
crypt,us,Washington State University,2.8
crypt,us,Princeton University,2.7
crypt,us,Brown University,2.6
crypt,us,Texas A&M University,2.6
crypt,us,Univ. of California - Irvine,2.6
crypt,us,Florida State University,2.5
crypt,ca,University of Toronto,5.2
crypt,ca,University of Victoria,1.3
crypt,ca,University of Waterloo,1.3
crypt,uk,King's College London,5.9
crypt,uk,University of Edinburgh,5.7
crypt,uk,University of Birmingham,2.5
crypt,uk,Royal Holloway University of London,2.3
crypt,uk,University of Bristol,2.2
crypt,uk,University of Manchester,1.6
crypt,uk,Durham University,1.5
crypt,uk,University College London,1.4
crypt,uk,University of Warwick,1.2
crypt,au,University of Wollongong,5.7
crypt,au,Monash University,2.8
crypt,au,University of Sydney,1.5
crypt,au,University of Technology Sydney,1.5
crypt,de,CISPA Helmholtz Center,10.2
crypt,de,Ruhr-University Bochum,8.6
crypt,de,Max Planck Society,6.1
crypt,de,TU Darmstadt,3.9
crypt,de,University of Wuppertal,2.0
crypt,de,Bundeswehr University Munich,1.5
crypt,de,University of Stuttgart,1.3
crypt,de,University of Lübeck,1.2
crypt,de,University of Regensburg,1.1
robotics,us,Carnegie Mellon University,50.4
robotics,us,Georgia Institute of Technology,49.5
robotics,us,University of Pennsylvania,41.6
robotics,us,Univ. of California - Berkeley,37.7
robotics,us,Massachusetts Institute of Technology,34.3
robotics,us,Stanford University,31.9
robotics,us,University of Maryland - College Park,27.6
robotics,us,Rutgers University,26.7
robotics,us,Univ. of California - San Diego,25.4
robotics,us,University of Minnesota,21.0
robotics,us,University of Texas at Austin,20.1
robotics,us,Univ. of Illinois at Urbana-Champaign,19.7
robotics,us,Cornell University,16.9
robotics,us,University of Southern California,16.6
robotics,us,Texas A&M University,16.4
robotics,us,Johns Hopkins University,15.6
robotics,us,University of Colorado Boulder,14.4
robotics,us,University of Massachusetts Amherst,14.2
robotics,us,University of Michigan,13.1
robotics,us,Arizona State University,12.3
robotics,ca,University of Toronto,14.6
robotics,ca,Simon Fraser University,10.8
robotics,ca,McGill University,7.7
robotics,ca,University of Alberta,7.0
robotics,ca,Université Laval,3.9
robotics,ca,University of Montreal,3.6
robotics,ca,University of Waterloo,2.1
robotics,ca,Memorial University of Newfoundland,1.9
robotics,ca,University of British Columbia,1.8
robotics,ca,University of Manitoba,1.8
robotics,ca,University of Ottawa,1.8
robotics,ca,York University,1.7
robotics,ca,Concordia University,1.3
robotics,ca,Toronto Metropolitan University,1.3
robotics,ca,Université du Québec à Montréal,1.3
robotics,ca,University of Victoria,1.2
robotics,uk,University of Edinburgh,29.4
robotics,uk,Imperial College London,14.0
robotics,uk,University of Surrey,9.3
robotics,uk,University College London,8.0
robotics,uk,University of Oxford,6.3
robotics,uk,University of Liverpool,5.6
robotics,uk,University of Cambridge,3.9
robotics,uk,University of Birmingham,3.8
robotics,uk,University of Bristol,3.7
robotics,uk,University of Leeds,3.6
robotics,uk,University of Southampton,3.1
robotics,uk,University of Essex,2.8
robotics,uk,King's College London,2.7
robotics,uk,University of Sheffield,2.4
robotics,uk,Queen's University Belfast,2.0
robotics,uk,Royal Holloway University of London,2.0
robotics,uk,University of Glasgow,2.0
robotics,uk,University of Bath,1.8
robotics,uk,Heriot-Watt University,1.5
robotics,uk,Queen Mary University of London,1.5
robotics,uk,University of Aberdeen,1.5
robotics,uk,University of Warwick,1.5
robotics,uk,Aberystwyth University,1.3
robotics,uk,University of Nottingham,1.3
robotics,uk,Brunel University London,1.2
robotics,uk,Cardiff University,1.2
robotics,uk,Lancaster University,1.2
robotics,uk,Open University UK,1.1
robotics,uk,University of Strathclyde,1.1
robotics,au,Queensland University of Technology,16.4
robotics,au,Australian National University,10.1
robotics,au,University of Sydney,6.6
robotics,au,University of Adelaide,3.7
robotics,au,University of Western Australia,2.4
robotics,au,University of Queensland,1.9
robotics,au,University of Technology Sydney,1.8
robotics,au,UNSW,1.3
robotics,au,RMIT University,1.2
robotics,au,University of Melbourne,1.2
robotics,de,TU Munich,48.3
robotics,de,Karlsruhe Institute of Technology,24.2
robotics,de,University of Bonn,16.0
robotics,de,TU Berlin,15.9
robotics,de,TU Darmstadt,14.3
robotics,de,University of Bremen,7.9
robotics,de,University of Hamburg,7.8
robotics,de,University of Tübingen,6.8
robotics,de,RWTH Aachen University,5.5
robotics,de,TU Chemnitz,5.1
robotics,de,Max Planck Society,4.3
robotics,de,University of Freiburg,4.2
robotics,de,University of Lübeck,3.9
robotics,de,University of Stuttgart,3.6
robotics,de,University of Würzburg,3.4
robotics,de,TU Kaiserslautern,3.0
robotics,de,University of Mainz,2.8
robotics,de,TU Ilmenau,2.6
robotics,de,TU Braunschweig,2.5
robotics,de,University of Hannover,2.5
robotics,de,University of Osnabrück,2.4
robotics,de,Bielefeld University,2.2
robotics,de,Jacobs University Bremen,2.2
robotics,de,THWS,2.2
robotics,de,TU Dresden,1.9
robotics,de,Freie Universitaet Berlin,1.8
robotics,de,Hamburg University of Technology,1.8
robotics,de,Ruhr-University Bochum,1.5
robotics,de,University of Bayreuth,1.5
robotics,de,University of Ulm,1.5
graph,us,Carnegie Mellon University,17.5
graph,us,Stanford University,11.7
graph,us,Univ. of California - San Diego,10.5
graph,us,Massachusetts Institute of Technology,10.2
graph,us,New York University,9.6
graph,us,Univ. of California - Santa Barbara,7.4
graph,us,University of Utah,7.3
graph,us,Texas A&M University,6.5
graph,us,Univ. of California - Los Angeles,5.8
graph,us,Georgia Institute of Technology,5.4
graph,us,Princeton University,5.2
graph,us,George Mason University,4.9
graph,us,Cornell University,4.8
graph,us,University of Maryland - College Park,4.7
graph,us,Univ. of California - Irvine,4.4
graph,us,University of Washington,4.4
graph,us,University of Texas at Austin,3.5
graph,us,Univ. of California - Davis,3.4
graph,us,Brown University,3.3
graph,us,Dartmouth College,3.2
graph,us,Univ. of California - Berkeley,3.0
graph,us,University of Southern California,2.9
graph,us,Columbia University,2.6
graph,us,Purdue University,2.5
graph,us,University of Chicago,2.5
graph,us,University of Wisconsin - Madison,2.5
graph,us,Washington University in St. Louis,2.5
graph,us,Yale University,2.4
graph,us,College of William and Mary,2.3
graph,us,University of North Carolina,2.3
graph,us,University of Pennsylvania,2.3
graph,ca,University of Toronto,11.0
graph,ca,University of Waterloo,8.7
graph,ca,Simon Fraser University,8.0
graph,ca,University of British Columbia,5.5
graph,ca,McGill University,4.4
graph,ca,University of Victoria,3.6
graph,ca,University of Montreal,3.3
graph,ca,Concordia University,2.0
graph,ca,Carleton University,1.9
graph,ca,University of Guelph,1.7
graph,ca,University of Calgary,1.2
graph,ca,Université Laval,1.2
graph,ca,ETS Montreal,1.1
graph,ca,University of Manitoba,1.1
graph,uk,University College London,8.2
graph,uk,University of Edinburgh,6.8
graph,uk,Cardiff University,3.6
graph,uk,University of Cambridge,3.2
graph,uk,University of Leeds,2.2
graph,uk,University of Bath,2.0
graph,uk,University of Surrey,2.0
graph,uk,Imperial College London,1.2
graph,uk,University of Birmingham,1.2
graph,uk,Queen Mary University of London,1.1
graph,au,University of Technology Sydney,2.0
graph,au,Australian National University,1.3
graph,au,Monash University,1.1
graph,au,UNSW,1.1
graph,de,Max Planck Society,12.3
graph,de,University of Osnabrück,4.8
graph,de,TU Berlin,4.1
graph,de,TU Munich,3.6
graph,de,Saarland University,3.0
graph,de,University of Tübingen,2.3
graph,de,RWTH Aachen University,2.0
graph,de,University of Erlangen–Nuremberg,1.9
graph,de,University of Siegen,1.7
graph,de,University of Bonn,1.6
graph,de,Karlsruhe Institute of Technology,1.5
graph,de,TU Dortmund,1.5
graph,de,TU Darmstadt,1.4
graph,de,University of Hamburg,1.4
graph,de,University of Konstanz,1.4
graph,de,University of Stuttgart,1.3
graph,de,TU Braunschweig,1.2
graph,de,University of Freiburg,1.2
